Workbook

Sheet Manufacturing BOM
A1: Line | B1: Category | C1: Designator | D1: Value / Name | E1: Footprint | F1: Qty/Board | G1: Boards | H1: Build Qty | I1: Manufacturer Part | J1: Manufacturer | K1: Supplier | L1: Supplier Part | M1: Unit Price
A2: 1 | B2: Buzzer | C2: BUZZER1 | D2: 2700Hz | E2: BUZ-SMD_4P-L8.5-W8.5-P8.50-BR | F2: 1 | G2: 2 | H2: 2 | I2: MLT-8530 | J2: 华能 | K2: LCSC | L2: C94599 | M2: 0.204
A3: 2 | B3: Capacitor | C3: C1,C2,C21,C33 | D3: 10uF | E3: C0603 | F3: 4 | G3: 2 | H3: 8 | I3: CL10B106MQ8NRNC | J3: SAMSUNG(三星) | K3: LCSC | L3: C3039698 | M3: 0.066
A4: 3 | B4: Capacitor | C4: C3,C16,C17,C25,C31,C32,C37,C38 | D4: 100nF | E4: C0603 | F4: 8 | G4: 2 | H4: 16 | I4: CL10B104KB8NNNC | J4: SAMSUNG(三星) | K4: LCSC | L4: C1591 | M4: 0.003
A5: 4 | B5: Capacitor | C5: C4 | D5: 1uF | E5: C0603 | F5: 1 | G5: 2 | H5: 2 | I5: CL10A105KO8NNNC | J5: SAMSUNG(三星) | K5: LCSC | L5: C1592 | M5: 0.006
A6: 5 | B6: Capacitor | C6: C5,C6,C7,C8,C9 | D6: 22uF | E6: C0805 | F6: 5 | G6: 2 | H6: 10 | I6: GRM21BR61E226ME44L | J6: muRata(村田) | K6: LCSC | L6: C86816 | M6: 0.055
A7: 6 | B7: Capacitor | C7: C10,C11 | D7: 470nF | E7: C0603 | F7: 2 | G7: 2 | H7: 4 | I7: CL10B474KA8NNNC | J7: SAMSUNG(三星) | K7: LCSC | L7: C1623 | M7: 0.007
A8: 7 | B8: Capacitor | C8: C12,C13 | D8: 10uF | E8: C0805 | F8: 2 | G8: 2 | H8: 4 | I8: GRM21BR61H106KE43L | J8: muRata(村田) | K8: LCSC | L8: C440198 | M8: 0.069
A9: 8 | B9: Capacitor | C9: C14,C15,C19,C24,C27,C29,C34,C35 | D9: 100nF | E9: C0402 | F9: 8 | G9: 2 | H9: 16 | I9: CL05B104KO5NNNC | J9: SAMSUNG(三星) | K9: LCSC | L9: C1525 | M9: 0.002
A10: 9 | B10: Capacitor | C10: C18,C23 | D10: 100nF | E10: C0603 | F10: 2 | G10: 2 | H10: 4 | I10: GRM188R71C104KA01D | J10: muRata(村田) | K10: LCSC | L10: C45000 | M10: 0.008
A11: 10 | B11: Capacitor | C11: C20 | D11: 10nF | E11: C0402 | F11: 1 | G11: 2 | H11: 2 | I11: C0402B103K500NT | J11: TORCH(火炬) | K11: LCSC | L11: C17702727 | M11: 0.005
A12: 11 | B12: Capacitor | C12: C22,C30,C36 | D12: 1uF | E12: C0402 | F12: 3 | G12: 2 | H12: 6 | I12: CL05B105KQ5NQNC | J12: SAMSUNG(三星) | K12: LCSC | L12: C307427 | M12: 0.007
A13: 12 | B13: Capacitor | C13: C26,C28 | D13: 22pF | E13: C0402 | F13: 2 | G13: 2 | H13: 4 | I13: CL05C220JB5NNNC | J13: SAMSUNG(三星) | K13: LCSC | L13: C70464 | M13: 0.003
... A49: 48 | B49: Crystal / Oscillator | C49: X1 | D49: 40MHz | E49: CRYSTAL-SMD_4P-L2.0-W1.6-BL | F49: 1 | G49: 2 | H49: 2 | I49: Q22FA12800332 | J49: EPSON(爱普生) | K49: LCSC | L49: C255899 | M49: 0.245

Sheet Summary
A1: Alpha 1 Flight Computer BOM
A2: Generated | B2: 2026-05-13 05:20
A3: Build quantity | B3: 2
A4: Total unique BOM lines | B4: =COUNTA('Manufacturing BOM'!A2:A49) -> 48
A5: Total placed components | B5: =SUM('Manufacturing BOM'!H2:H49) -> 192
A6: Estimated parts cost | B6: =SUM('Manufacturing BOM'!#REF!) -> #REF!
A7: Extended-part lines | B7: =COUNTIF('Manufacturing BOM'!#REF!,"Extended Part") -> #REF!
A8: Basic-part lines | B8: =COUNTIF('Manufacturing BOM'!#REF!,"Basic Part") -> #REF!
A9: Lines needing attention | B9: =COUNTIF('Manufacturing BOM'!#REF!,"Shortage")+COUNTIF('Manufacturing BOM'!#REF!,"Verify") -> #REF!
A11: Category | B11: Line Count | C11: Build Qty | D11: Est. Cost
A12: Buzzer | B12: =COUNTIF('Manufacturing BOM'!B2:B49,A12) -> 1 | C12: =SUMIF('Manufacturing BOM'!B2:B49,A12,'Manufacturing BOM'!H2:H49) -> 2 | D12: =SUMIF('Manufacturing BOM'!B2:B49,A12,'Manufacturing BOM'!#REF!) -> #REF!
A13: Capacitor | B13: =COUNTIF('Manufacturing BOM'!B2:B49,A13) -> 11 | C13: =SUMIF('Manufacturing BOM'!B2:B49,A13,'Manufacturing BOM'!H2:H49) -> 76 | D13: =SUMIF('Manufacturing BOM'!B2:B49,A13,'Manufacturing BOM'!#REF!) -> #REF!
A14: Connector | B14: =COUNTIF('Manufacturing BOM'!B2:B49,A14) -> 3 | C14: =SUMIF('Manufacturing BOM'!B2:B49,A14,'Manufacturing BOM'!H2:H49) -> 8 | D14: =SUMIF('Manufacturing BOM'!B2:B49,A14,'Manufacturing BOM'!#REF!) -> #REF!
A15: Crystal / Oscillator | B15: =COUNTIF('Manufacturing BOM'!B2:B49,A15) -> 1 | C15: =SUMIF('Manufacturing BOM'!B2:B49,A15,'Manufacturing BOM'!H2:H49) -> 2 | D15: =SUMIF('Manufacturing BOM'!B2:B49,A15,'Manufacturing BOM'!#REF!) -> #REF!
A16: Diode / Protection | B16: =COUNTIF('Manufacturing BOM'!B2:B49,A16) -> 3 | C16: =SUMIF('Manufacturing BOM'!B2:B49,A16,'Manufacturing BOM'!H2:H49) -> 8 | D16: =SUMIF('Manufacturing BOM'!B2:B49,A16,'Manufacturing BOM'!#REF!) -> #REF!
A17: IC / Module / Sensor | B17: =COUNTIF('Manufacturing BOM'!B2:B49,A17) -> 10 | C17: =SUMIF('Manufacturing BOM'!B2:B49,A17,'Manufacturing BOM'!H2:H49) -> 20 | D17: =SUMIF('Manufacturing BOM'!B2:B49,A17,'Manufacturing BOM'!#REF!) -> #REF!
A18: Inductor / Antenna | B18: =COUNTIF('Manufacturing BOM'!B2:B49,A18) -> 3 | C18: =SUMIF('Manufacturing BOM'!B2:B49,A18,'Manufacturing BOM'!H2:H49) -> 6 | D18: =SUMIF('Manufacturing BOM'!B2:B49,A18,'Manufacturing BOM'!#REF!) -> #REF!
A19: LED / Indicator | B19: =COUNTIF('Manufacturing BOM'!B2:B49,A19) -> 2 | C19: =SUMIF('Manufacturing BOM'!B2:B49,A19,'Manufacturing BOM'!H2:H49) -> 10 | D19: =SUMIF('Manufacturing BOM'!B2:B49,A19,'Manufacturing BOM'!#REF!) -> #REF!
A20: RF Connector | B20: =COUNTIF('Manufacturing BOM'!B2:B49,A20) -> 1 | C20: =SUMIF('Manufacturing BOM'!B2:B49,A20,'Manufacturing BOM'!H2:H49) -> 2 | D20: =SUMIF('Manufacturing BOM'!B2:B49,A20,'Manufacturing BOM'!#REF!) -> #REF!
A21: Resistor | B21: =COUNTIF('Manufacturing BOM'!B2:B49,A21) -> 10 | C21: =SUMIF('Manufacturing BOM'!B2:B49,A21,'Manufacturing BOM'!H2:H49) -> 50 | D21: =SUMIF('Manufacturing BOM'!B2:B49,A21,'Manufacturing BOM'!#REF!) -> #REF!
A22: Switch | B22: =COUNTIF('Manufacturing BOM'!B2:B49,A22) -> 1 | C22: =SUMIF('Manufacturing BOM'!B2:B49,A22,'Manufacturing BOM'!H2:H49) -> 4 | D22: =SUMIF('Manufacturing BOM'!B2:B49,A22,'Manufacturing BOM'!#REF!) -> #REF!
A23: Transistor / MOSFET | B23: =COUNTIF('Manufacturing BOM'!B2:B49,A23) -> 2 | C23: =SUMIF('Manufacturing BOM'!B2:B49,A23,'Manufacturing BOM'!H2:H49) -> 4 | D23: =SUMIF('Manufacturing BOM'!B2:B49,A23,'Manufacturing BOM'!#REF!) -> #REF!

Sheet Change Log
A1: Designator | B1: Old MPN | C1: New MPN | D1: Old LCSC | E1: New LCSC | F1: Reason / Note
A2: D1 | B2: LESD5D5.0CT1G | C2: LESD5D5.0CT1G(UMW) | D2: C383211 | E2: C5199850 | F2: Updated from new JLCPCB record; 5 V TVS/ESD, SOD-523.
A3: L2 | B3: ANT3216A063R2400A | C3: ANT3216A063R2400A | D3: C412135 | E3: C412135 | F3: Inventory shortage in new JLCPCB record. Replace or confirm stock before assembly.
A4: LED3,LED4,LED5 | B4: 19-217/GHC-YR1S2/3T | C4: XL-1608UGC-04 | D4: C72043 | E4: C965804 | F4: Updated green LED selection from new JLCPCB record.
A5: U4 | B5: BMP390 | C5: BMP388 | D5: C5124834 | E5: C779278 | F5: JLCPCB record shows BOM name BMP390 but selected MPN BMP388; verify exact sensor before order.
A6: U6 | B6: AHT20 | C6: AHT20 | D6: C503357 | E6: C2757850 | F6: Updated from new JLCPCB record; temp/humidity sensor.
A7: U8 | B7: W25Q64JVSSIQ | C7: W25Q64JVSSIQ | D7: C83140 | E7: C179171 | F7: Updated flash memory LCSC number from new JLCPCB record.

Sheet Sources
A1: Source | B1: Details
A2: Original BOM | B2: Alpha1BOM.csv uploaded by user; UTF-16 tab-delimited EasyEDA/JLCPCB BOM export.
A3: New JLCPCB record | B3: Pasted record for Alpha 1_PCB_Alpha 1__20260513015424.zip; showed 48 parts detected, 47 confirmed, and 1 inventory shortage.
A4: Important order note | B4: L2 ANT3216A063R2400A was listed with 1 shortfall in the new JLCPCB record.
A5: Verification note | B5: U4 should be checked because the BOM display name says BMP390 while the pasted JLCPCB record lists the selected manufacturer part as BMP388.
